gamma,verifier_freq_mhz,drafter_freq_mhz,n_sessions,latency_ms_mean,tokens_per_s_mean,energy_per_token_mj_mean,accept_rate_mean,drafter_energy_mj_mean,verifier_energy_mj_mean,system_energy_mj_mean,fastest_flag,energy_best_flag,latency_constrained_best_flag,energy_saving_vs_high_percent,source_summary_csv
1,408,624.75,10,17106.437,3.62008,4484.171,0.788142,34164.32,242802.672,276966.992,FALSE,FALSE,FALSE,5.806,results/phase1/verifier_fd624p75/summary/phase1_summary_by_gamma_freq.csv
1,612,624.75,10,16355.471,3.79142,4189.182,0.788142,35404.05,223301.937,258705.987,FALSE,TRUE,TRUE,12.003,results/phase1/verifier_fd624p75/summary/phase1_summary_by_gamma_freq.csv
1,816,624.75,10,16106.858,3.83613,4210.161,0.788142,35168.055,223792.195,258960.25,FALSE,FALSE,FALSE,11.562,results/phase1/verifier_fd624p75/summary/phase1_summary_by_gamma_freq.csv
1,1300.5,624.75,10,16096.542,3.85885,4760.574,0.788142,34923.469,259242.88,294166.349,TRUE,FALSE,FALSE,0,results/phase1/verifier_fd624p75/summary/phase1_summary_by_gamma_freq.csv
2,408,624.75,10,15322.438,4.07264,3570.869,0.676108,38830.066,182092.5,220922.567,FALSE,FALSE,FALSE,5.169,results/phase1/verifier_fd624p75/summary/phase1_summary_by_gamma_freq.csv
2,612,624.75,10,14869.283,4.20012,3379.709,0.676108,39602.777,169542.527,209145.304,FALSE,FALSE,FALSE,10.245,results/phase1/verifier_fd624p75/summary/phase1_summary_by_gamma_freq.csv
2,816,624.75,10,14242.151,4.36103,3353.411,0.676108,38014.93,169235.921,207250.851,TRUE,TRUE,TRUE,10.944,results/phase1/verifier_fd624p75/summary/phase1_summary_by_gamma_freq.csv
2,1300.5,624.75,10,14535.348,4.29604,3765.5,0.676108,39428.539,193748.318,233176.857,FALSE,FALSE,FALSE,0,results/phase1/verifier_fd624p75/summary/phase1_summary_by_gamma_freq.csv
4,408,624.75,10,13894.606,4.53799,2802.549,0.559512,45823.969,128206.426,174030.395,FALSE,FALSE,FALSE,4.662,results/phase1/verifier_fd624p75/summary/phase1_summary_by_gamma_freq.csv
4,612,624.75,10,13439.493,4.6991,2661.239,0.559512,46099.693,119158.809,165258.502,FALSE,FALSE,FALSE,9.469,results/phase1/verifier_fd624p75/summary/phase1_summary_by_gamma_freq.csv
4,816,624.75,10,13242.52,4.75837,2659.786,0.559512,46208.221,118468.652,164676.873,TRUE,TRUE,TRUE,9.518,results/phase1/verifier_fd624p75/summary/phase1_summary_by_gamma_freq.csv
4,1300.5,624.75,10,13294.593,4.74022,2939.585,0.559512,46349.985,135911.035,182261.02,FALSE,FALSE,FALSE,0,results/phase1/verifier_fd624p75/summary/phase1_summary_by_gamma_freq.csv
8,408,624.75,10,15746.389,4.20186,2713.182,0.395535,67801.642,101415.651,169217.294,FALSE,FALSE,FALSE,2.138,results/phase1/verifier_fd624p75/summary/phase1_summary_by_gamma_freq.csv
8,612,624.75,10,15169.775,4.34113,2552.485,0.395535,67918.024,91209.383,159127.407,FALSE,TRUE,TRUE,7.934,results/phase1/verifier_fd624p75/summary/phase1_summary_by_gamma_freq.csv
8,816,624.75,10,15108.984,4.35393,2563.986,0.395535,68342.938,91531.804,159874.742,FALSE,FALSE,FALSE,7.52,results/phase1/verifier_fd624p75/summary/phase1_summary_by_gamma_freq.csv
8,1300.5,624.75,10,15055.948,4.36747,2772.464,0.395535,68090.677,104294.66,172385.337,TRUE,FALSE,FALSE,0,results/phase1/verifier_fd624p75/summary/phase1_summary_by_gamma_freq.csv
1,816,306,10,17061.672,3.63564,4220.596,0.788142,36146.161,224558.886,260705.047,FALSE,TRUE,TRUE,0.593,results/phase1/drafter_main/summary/drafter_main_summary_by_gamma_freq.csv
1,816,408,10,16669.819,3.71119,4308.49,0.788142,35846.868,229725.395,265572.264,FALSE,FALSE,FALSE,-1.477,results/phase1/drafter_main/summary/drafter_main_summary_by_gamma_freq.csv
1,816,510,10,16283.967,3.79999,4234.551,0.788142,35220.984,226012.042,261233.026,TRUE,FALSE,FALSE,0.265,results/phase1/drafter_main/summary/drafter_main_summary_by_gamma_freq.csv
1,816,612,10,16451.994,3.77019,4238.2,0.788142,36075.61,225855.308,261930.917,FALSE,FALSE,FALSE,0.179,results/phase1/drafter_main/summary/drafter_main_summary_by_gamma_freq.csv
1,816,624.75,10,16398.027,3.7839,4245.794,0.788142,36016.809,225916.119,261932.928,FALSE,FALSE,FALSE,0,results/phase1/drafter_main/summary/drafter_main_summary_by_gamma_freq.csv
2,816,306,10,15261.543,4.09624,3349.473,0.676108,39832.624,167478.599,207311.223,FALSE,TRUE,TRUE,0.92,results/phase1/drafter_main/summary/drafter_main_summary_by_gamma_freq.csv
2,816,408,10,14807.763,4.23272,3403.883,0.676108,39145.398,171508.267,210653.665,FALSE,FALSE,FALSE,-0.689,results/phase1/drafter_main/summary/drafter_main_summary_by_gamma_freq.csv
2,816,510,10,14765.273,4.22957,3409.186,0.676108,38913.34,172209.396,211122.736,FALSE,FALSE,FALSE,-0.846,results/phase1/drafter_main/summary/drafter_main_summary_by_gamma_freq.csv
2,816,612,10,14634.24,4.261,3396.208,0.676108,39206.175,170965.549,210171.724,FALSE,FALSE,FALSE,-0.462,results/phase1/drafter_main/summary/drafter_main_summary_by_gamma_freq.csv
2,816,624.75,10,14541.215,4.28955,3380.581,0.676108,39465.547,169250.49,208716.036,TRUE,FALSE,FALSE,0,results/phase1/drafter_main/summary/drafter_main_summary_by_gamma_freq.csv
4,816,306,10,14332.151,4.40934,2698.086,0.559512,49797.529,117402.579,167200.108,FALSE,FALSE,FALSE,-0.086,results/phase1/drafter_main/summary/drafter_main_summary_by_gamma_freq.csv
4,816,408,10,13741.691,4.58627,2674.964,0.559512,47671.986,118238.883,165910.868,FALSE,TRUE,TRUE,0.772,results/phase1/drafter_main/summary/drafter_main_summary_by_gamma_freq.csv
4,816,510,10,13596.222,4.65236,2690.256,0.559512,46892.76,120122.543,167015.303,FALSE,FALSE,FALSE,0.205,results/phase1/drafter_main/summary/drafter_main_summary_by_gamma_freq.csv
4,816,612,10,13261.8,4.78196,2693.787,0.559512,45300.304,122175.383,167475.687,TRUE,FALSE,FALSE,0.074,results/phase1/drafter_main/summary/drafter_main_summary_by_gamma_freq.csv
4,816,624.75,10,13414.672,4.71569,2695.777,0.559512,46336.009,120904.414,167240.423,FALSE,FALSE,FALSE,0,results/phase1/drafter_main/summary/drafter_main_summary_by_gamma_freq.csv
8,816,306,10,16025.408,4.12597,2637.186,0.395535,71082.472,93178.158,164260.63,FALSE,FALSE,FALSE,-2.904,results/phase1/drafter_main/summary/drafter_main_summary_by_gamma_freq.csv
8,816,408,10,15516.675,4.26485,2591.576,0.395535,69259.26,92149.883,161409.143,FALSE,FALSE,FALSE,-1.125,results/phase1/drafter_main/summary/drafter_main_summary_by_gamma_freq.csv
8,816,510,10,15109.834,4.35483,2559.323,0.395535,67691.621,91850.472,159542.093,FALSE,TRUE,TRUE,0.134,results/phase1/drafter_main/summary/drafter_main_summary_by_gamma_freq.csv
8,816,612,10,15039.587,4.3966,2603.643,0.395535,67329.62,95011.506,162341.126,TRUE,FALSE,FALSE,-1.595,results/phase1/drafter_main/summary/drafter_main_summary_by_gamma_freq.csv
8,816,624.75,10,15082.978,4.39609,2562.756,0.395535,67718.933,92175.964,159894.897,FALSE,FALSE,FALSE,0,results/phase1/drafter_main/summary/drafter_main_summary_by_gamma_freq.csv